company_id,company_name
1001,Company_1001
1002,Company_1002
1003,Company_1003
1004,Company_1004
1005,Company_1005
1006,Company_1006
1007,Company_1007
1008,Company_1008
1009,Company_1009
1010,Company_1010 Ltd
1011,Company_1011
1012,Company_1012
1013,Company_1013
1014,
1015,Company_1015
1016,Company_1016
1017,Company_1017
1018,Company_1018 Ltd
1019,Company_1019
1020,Company_1020
1021,Company_1021
1022,Company_1022
1023,Company_1023
1024,Company_1024 Ltd
1025,Company_1025 Ltd
1026,Company_1026
1027,Company_1027
1028,Company_1028
1029,Company_1029
1030,Company_1030
1031,Company_1031
1032,
1033,Company_1033
1034,Company_1034
1035,Company_1035
1036,Company_1036 Ltd
1037,Company_1037
1038,Company_1038
1039,Company_1039
1040,Company_1040
1041,Company_1041
1042,Company_1042
1043,Company_1043
1044,
1045,Company_1045
1046,Company_1046
1047,Company_1047
1048,Company_1048
1049,Company_1049
1050,Company_1050
1051,Company_1051
1052,
1053,Company_1053
1054,Company_1054
1055,Company_1055 Ltd
1056,Company_1056
1057,Company_1057
1058,Company_1058 Ltd
1059,Company_1059
1060,Company_1060 Ltd
1061,Company_1061
1062,Company_1062
1063,Company_1063
1064,Company_1064
1065,Company_1065
1066,Company_1066
1067,Company_1067
1068,Company_1068
1069,Company_1069 Ltd
1070,Company_1070
1071,Company_1071
1072,Company_1072
1073,Company_1073
1074,Company_1074
1075,Company_1075
1076,Company_1076
1077,Company_1077
1078,Company_1078
1079,Company_1079
1080,Company_1080
1081,Company_1081
1082,Company_1082
1083,Company_1083
1084,Company_1084
1085,Company_1085
1086,Company_1086
1087,Company_1087
1088,Company_1088
1089,Company_1089
1090,Company_1090
1091,Company_1091
1092,Company_1092
1093,Company_1093
1094,
1095,Company_1095
1096,Company_1096
1097,Company_1097
1098,Company_1098
1099,Company_1099
1100,Company_1100
1039,Company_1039
1022,Company_1022
1077,Company_1077
1072,Company_1072
1052,
1101,NewCo_1101
1102,NewCo_1102
1103,NewCo_1103
1104,NewCo_1104
1105,NewCo_1105
1106,NewCo_1106
1107,NewCo_1107
1108,NewCo_1108
1109,NewCo_1109
1110,NewCo_1110
